{
  "project_info": {
    "project_number": "565135640725",
    "firebase_url": "https://android-fc1f1-default-rtdb.asia-southeast1.firebasedatabase.app",
    "project_id": "android-fc1f1",
    "storage_bucket": "android-fc1f1.appspot.com"
  },
  "client": [
    {
      "client_info": {
        "mobilesdk_app_id": "1:565135640725:android:b4a64e14e6c53cacedf39c",
        "android_client_info": {
          "package_name": "com.example.hello"
        }
      },
      "oauth_client": [],
      "api_key": [
        {
          "current_key": "AIzaSyDK1-ysjpTqy9F1KKRCKVjSJnjcgGwuURI"
        }
      ],
      "services": {
        "appinvite_service": {
          "other_platform_oauth_client": []
        }
      }
    }
  ],
  "configuration_version": "1"
}